Name, City, State, Zip, Address, Price, Date,
Tower 12, Seattle,WA,98121,2015 2nd Ave,$2513 - 11035,2020-05-10,
Circa Green Lake Apartments, Seattle,WA,98115,6900 E Green Lake Way N,$1701 - 5000,2020-05-10,
LUNA, Seattle,WA,98116,2745 California Ave SW,$1600 - 2428,2020-05-10,
Common Summit, Seattle,WA,98122,1722 Summit Ave,$1050 - 1800,2020-05-10,
Elan 41, Seattle,WA,98116,4100 SW Edmunds St SW,$1981 - 2453,2020-05-10,
The Olivian, Seattle,WA,98101,809 Olive Way,$3332 - 6749,2020-05-10,
Leilani Apartment Homes, Seattle,WA,98133,10215 Greenwood Ave N,$1385 - 3165,2020-05-10,
Helm, Seattle,WA,98109,625 Boren Ave,$2650 - 12500,2020-05-10,
Elara At The Market, Seattle,WA,98121,2134 Western Ave,$2025 - 5785,2020-05-10,
Pike Motorworks, Seattle,WA,98122,715 E Pine St,$1766 - 10000,2020-05-10,
Sedona Apartments, Seattle,WA,98115,8500 20th Ave NE,$891 - 4164,2020-05-10,
Sitka, Seattle,WA,98109,1255 Harrison St,$1929 - 5749,2020-05-10,
Spruce, Seattle,WA,98116,4555 39th Ave SW,$1490 - 3415,2020-05-10,
The Mill at First Hill, Seattle,WA,98104,1000 8th Ave,$1548 - 6142,2020-05-10,
AMLI Arc, Seattle,WA,98101,1800 Boren Ave,$2393 - 8652,2020-05-10,
Fox & Finch Apartments, Seattle,WA,98109,525 Boren Ave N,$2150 - 3475,2020-05-10,
Saxton, Seattle,WA,98104,520 Terry Ave,$1895 - 3365,2020-05-10,
Tellus on Dexter Apartments, Seattle,WA,98109,403 Dexter Ave N,$2000 - 3775,2020-05-10,
STAZIONE25, Seattle,WA,98144,2615 25th Ave S,$1235 - 3400,2020-05-10,
Airmark Apartments, Seattle,WA,98188,229 Andover Park E,$1313 - 6930,2020-05-10,
Origin Apartments, Seattle,WA,98125,12311 32nd Ave NE,$1575 - 3060,2020-05-10,
Met Tower, Seattle,WA,98101,1942-1942 Westlake Ave,$1995 - 4895,2020-05-10,
Overlook at Magnolia, Seattle,WA,98199,3520 27th Pl W,$1600 - 3230,2020-05-10,
Infinity Apartments, Seattle,WA,98122,1414 10th Ave,$1997 - 4725,2020-05-10,
Vive, Seattle,WA,98107,1516 NW 51st St,$1455 - 2720,2020-05-10,
Kiara, Seattle,WA,98109,111 Terry Ave N,$2255 - 17100,2020-05-10,
Batik, Seattle,WA,98122,123 Broadway,$2070 - 4945,2020-05-10,
Westlake Steps, Seattle,WA,98109,1207 Westlake Ave N,$1875 - 6330,2020-05-10,
One Lakefront, Seattle,WA,98109,1287 Westlake Ave N,$1930 - 4800,2020-05-10,
JUXT, Seattle,WA,98109,810 Dexter Ave N,$1980 - 6235,2020-05-10,
Charbern Apartments, Seattle,WA,98122,1705 Belmont Ave,$1514 - 12435,2020-05-10,
Malloy, Seattle,WA,98105,4337 15th Ave NE,$1368 - 2200,2020-05-10,
ArtHouse, Seattle,WA,98121,2334 Elliott Ave,$1693 - 3371,2020-05-10,
Premiere on Pine, Seattle,WA,98101,1525 9th Ave,$1905 - 8135,2020-05-10,
The Station At Othello Park, Seattle,WA,98118,4219 S Othello St,$1429 - 3550,2020-05-10,
Park South, Seattle,WA,98168,10102 8th Ave S,$1375 - 1919,2020-05-10,
Olympus, Seattle,WA,98121,2801 Western Ave,$1519 - 4289,2020-05-10,
Chloe on Union, Seattle,WA,98122,1408-1412 E Union St,$1865 - 2435,2020-05-10,
Centennial Tower and Court, Seattle,WA,98121,2515 4th Ave,$1806 - 3320,2020-05-10,
Mera, Seattle,WA,98109,630 Boren Ave N,$2450 - 10275,2020-05-10,
Griffis Belltown, Seattle,WA,98121,2400 ELLIOTT Ave,$1988 - 4238,2020-05-10,
Assembly118, Seattle,WA,98118,4200 S Othello St,$1548 - 2951,2020-05-10,
Via 6, Seattle,WA,98121,2121 6th Ave,$1907 - 3394,2020-05-10,
Marlowe, Seattle,WA,98109,1146 Harrison St,$2079 - 4442,2020-05-10,
Garden Pointe, Seattle,WA,98146,130 SW 112th St,$1525 - 1825,2020-05-10,
AMLI Mark24, Seattle,WA,98107,2428 NW Market St,$1683 - 5015,2020-05-10,
AMLI South Lake Union, Seattle,WA,98109,1260 Republican St,$1859 - 6441,2020-05-10,
Cascade, Seattle,WA,98109,221 Minor Ave N,$1865 - 3760,2020-05-10,
Helios, Seattle,WA,98101,1600 2nd Ave,$1980 - 5605,2020-05-10,
Harbor Steps, Seattle,WA,98101,1221 1st Ave,$1685 - 5099,2020-05-10,
Odin, Seattle,WA,98107,5398 Russell Ave NW,$1758 - 2095,2020-05-10,
Mark on 8th, Seattle,WA,98109,285 8th Ave N,$1990 - 2210,2020-05-10,
Lane, Seattle,WA,98125,10720 5th Ave NE,$1585 - 2730,2020-05-10,
Bogtown Flats, Seattle,WA,98103,9039 Greenwood Ave N,$1600 - 2830,2020-05-10,
CityLine, Seattle,WA,98118,4740 32nd Ave S,$2011 - 6783,2020-05-10,
Lightbox, Seattle,WA,98105,4545 8th Ave NE,$1487 - 8075,2020-05-10,
The Kennedy Building, Seattle,WA,98105,907 NE 45th St,$1397 - 7526,2020-05-10,
Jackson Apartments, Seattle,WA,98144,2401 S Jackson St,$1790 - 3745,2020-05-10,
Ascent South Lake Union, Seattle,WA,98109,1145 Republican St,$2400 - 8903,2020-05-10,
McKenzie, Seattle,WA,98121,2202 Eighth Ave,$2132 - 15160,2020-05-10,
624 Yale, Seattle,WA,98109,624 Yale Ave N,$1700 - 3775,2020-05-10,
St. James Tower, Seattle,WA,98103,920 N 34th St,$1795 - 2985,2020-05-10,
Cadence, Seattle,WA,98107,3040 NW Market St,$1699 - 1899,2020-05-10,
Alexan 100, Seattle,WA,98109,100 Denny Way,$1790 - 6020,2020-05-10,
Vida Seattle, Seattle,WA,98115,1205 NE 66th St,$1717 - 3102,2020-05-10,
Broadstone Sky, Seattle,WA,98116,4745 40th Ave,$1680 - 3055,2020-05-10,
Overlook at Westridge, Seattle,WA,98106,600 SW Kenyon St,$1764 - 2491,2020-05-10,
Rivet Apartments, Seattle,WA,98109,1201 Mercer St,$2091 - 4947,2020-05-10,
Bowman, Seattle,WA,98103,3801 Stone Way N,$1795 - 6230,2020-05-10,
Derby South Lake Union, Seattle,WA,98109,1210 Republican St,$1300 - 1805,2020-05-10,
Novo Seattle, Seattle,WA,98115,6105 Roosevelt Way NE,$1050 - 1475,2020-05-10,
Maude Urban Living, Seattle,WA,98115,836 NE 67th St,$999 - 1450,2020-05-10,
Common Terry, Seattle,WA,98104,423 Terry Ave,$1150 - 1975,2020-05-10,
Common Madison, Seattle,WA,98122,1806 23rd Ave,$1000 - 1200,2020-05-10,
Sorento Flats, Seattle,WA,98122,1414 E Yesler Way,$995 - 1400,2020-05-10,
Rise on 67th, Seattle,WA,98115,829 NE 67th St,$1045 - 1975,2020-05-10,
Ballard 57 Apartments, Seattle,WA,98107,1731 NW 57th St,$1170 - 1650,2020-05-10,
Hana, Seattle,WA,98104,101 6th Ave S,$1225 - 1936,2020-05-10,
Lofts at the Junction, Seattle,WA,98116,4535 44th Ave SW,$1300 - 1425,2020-05-10,
Verve Apartments, Seattle,WA,98121,2720 4th Ave,$1640 - 2958,2020-05-10,
Oakwood Residence Seattle South Lake Union, Seattle,WA,98109,717 N Dexter Ave,$1799,2020-05-10,
Arrive, Seattle,WA,98121,2116 4th Ave,$2150 - 8495,2020-05-10,
Thornton Place, Seattle,WA,98125,337 NE 103rd St,$1612 - 2995,2020-05-10,
Vertex Off Broadway, Seattle,WA,98102,802 E Thomas St,$1559 - 3600,2020-05-10,
Kinects Tower, Seattle,WA,98101,1823 Minor Ave,$2050 - 4065,2020-05-10,
Alto Apartments, Seattle,WA,98121,311 Cedar St,$1828 - 3468,2020-05-10,
206 Bell, Seattle,WA,98121,206 BELL St,$1311 - 4751,2020-05-10,
The Post, Seattle,WA,98104,888 Western Ave,$1774 - 4951,2020-05-10,
Excelsior, Seattle,WA,98122,1535 Bellevue Ave,$1660 - 5905,2020-05-10,
Leeward, Seattle,WA,98109,1305 Dexter Ave N,$1790 - 3990,2020-05-10,
The Wilcox, Seattle,WA,98107,2003 NW 57th St,$1680 - 8057,2020-05-10,
Chroma SLU, Seattle,WA,98109,1212 Harrison St,$1955 - 4735,2020-05-10,
Koi, Seattle,WA,98107,1139 NW Market St,$1621 - 10000,2020-05-10,
Westhaven Apartments, Seattle,WA,98106,2201 SW Holden St,$1455 - 1770,2020-05-10,
The Shelby, Seattle,WA,98121,2201 4th Ave,$1515 - 3085,2020-05-10,
Element 42, Seattle,WA,98116,2641 42nd Ave SW,$1409 - 2081,2020-05-10,
Aura West Seattle, Seattle,WA,98126,4435 35th Ave SW,$1370 - 3252,2020-05-10,
Ballard on the Park, Seattle,WA,98107,2233 NW 58th St,$1614 - 3095,2020-05-10,
East Howe Steps, Seattle,WA,98102,1823 Eastlake Ave E,$1544 - 3674,2020-05-10,
Summit At Madison Park, Seattle,WA,98122,1819 23rd Ave,$1450 - 3640,2020-05-10,
The Loop, Seattle,WA,98115,407 NE 73rd St,$1515 - 1925,2020-05-10,
3030 Lake City, Seattle,WA,98125,3030 NE 143rd St,$1325 - 1625,2020-05-10,
Stack House, Seattle,WA,98109,1280 Harrison St,$1994 - 12367,2020-05-10,
The M, Seattle,WA,98105,4700 Brooklyn Ave NE,$1425 - 2075,2020-05-10,
Wilsonian, Seattle,WA,98105,4710 University Way NE,$1509 - 2019,2020-05-10,
2900 On First, Seattle,WA,98121,2900 1st Ave,$1780 - 4355,2020-05-10,
Augusta Apartments, Seattle,WA,98105,4041 Roosevelt Way NE,$2105 - 4950,2020-05-10,
The Eden Apartments, Seattle,WA,98109,602-602 Galer St,$2690 - 3055,2020-05-10,
Haller Post, Seattle,WA,98133,1130 N 115th St,$1744 - 2140,2020-05-10,
East Union, Seattle,WA,98122,Union St @ 23rd ave,$1968 - 3886,2020-05-10,
Skye at Belltown, Seattle,WA,98121,500 Wall St,$1550 - 6020,2020-05-10,
Cyrene, Seattle,WA,98101,50 University St,$2081 - 4640,2020-05-10,
Rianna, Seattle,WA,98122,810 12th Ave,$1447 - 3525,2020-05-10,
Cosmopolitan, Seattle,WA,98105,400 NE 45th St,Call for Rent,2020-05-10,
Union SLU, Seattle,WA,98109,905 Dexter Ave N,$1929 - 3683,2020-05-10,
The LeeAnn, Seattle,WA,98109,701 5th Ave N,$2025 - 4350,2020-05-10,
Greenhouse Apartments, Seattle,WA,98118,3701 S Hudson St,$2015 - 3100,2020-05-10,
The Danforth, Seattle,WA,98122,1425 Spring St,$2186 - 8372,2020-05-10,
The Enclave, Seattle,WA,98125,525 NE Northgate Way,$1255 - 2127,2020-05-10,
Prism, Seattle,WA,98125,10711 8th Ave NE,$1235 - 1950,2020-05-10,
Cedar Park Senior Affordable Apartments, Seattle,WA,98125,12740 30th Ave NE,$1309 - 1562,2020-05-10,
Epicenter, Seattle,WA,98103,620 N 34th St,$1815 - 8951,2020-05-10,
Youngstown Flats, Seattle,WA,98106,4040 26th Ave SW,$1345 - 3695,2020-05-10,
Union Park, Seattle,WA,98101,1310 Minor Ave,$1450 - 2668,2020-05-10,
The Perry, Seattle,WA,98104,1001 Minor Ave,$2080 - 5615,2020-05-10,
The Martin, Seattle,WA,98121,2105 5th Ave,$2085 - 8195,2020-05-10,
Dimension, Seattle,WA,98121,225 Cedar St,$1845 - 5610,2020-05-10,
The Whittaker, Seattle,WA,98116,4755 Fauntleroy Way SW,$1480 - 4140,2020-05-10,
The Summit at Lake Union, Seattle,WA,98109,1735 Dexter Ave N,$1501 - 4336,2020-05-10,
Promenade at the Park, Seattle,WA,98125,3215 NE 143rd St,$1251 - 6690,2020-05-10,
Willows Court, Seattle,WA,98125,12316 28th Ave NE,$1633 - 2695,2020-05-10,
Astro Apartments, Seattle,WA,98109,315 1st Ave N,$1675 - 2650,2020-05-10,
True North, Seattle,WA,98109,801 Dexter Ave N,$1860 - 4940,2020-05-10,
Neptune, Seattle,WA,98109,912 Dexter Ave N,$1832 - 4840,2020-05-10,
Lighthouse Apartments, Seattle,WA,98106,7901 Delridge Way SW,$1755 - 3255,2020-05-10,
Coppins Well, Seattle,WA,98104,1000 Minor Ave,$1645 - 5710,2020-05-10,
Slate Apartments, Seattle,WA,98119,3040 17th Ave W,$1368 - 2889,2020-05-10,
Urbana, Seattle,WA,98107,1501 NW 56th St,$1739 - 3224,2020-05-10,
Washington Terrace Senior Affordable Apart..., Seattle,WA,98104,120 6th Ave S,$1309 - 1562,2020-05-10,
Metro on First, Seattle,WA,98119,215 1st Ave W,$1700 - 3833,2020-05-10,
Seventh and James, Seattle,WA,98104,600 7th Ave,$1471 - 2313,2020-05-10,
2300 Elliott, Seattle,WA,98121,2300 Elliott Ave,$1771 - 2575,2020-05-10,
Harrison Square, Seattle,WA,98119,312 2nd Ave W,$1647 - 3049,2020-05-10,
Taylor 28, Seattle,WA,98109,100 Taylor Ave N,$1863 - 3412,2020-05-10,
Cielo, Seattle,WA,98101,800 Seneca St,$1615 - 3601,2020-05-10,
Axle, Seattle,WA,98119,3230 16th Ave W,$1678 - 3393,2020-05-10,
John Winthrop Apartments, Seattle,WA,98101,1020 Seneca St,$1405,2020-05-10,
Aspira Apartments, Seattle,WA,98101,1823 Terry Ave,$1892 - 7731,2020-05-10,
LEVA On Market, Seattle,WA,98107,1545 NW Market St,$1569 - 4425,2020-05-10,
Adell Apartments, Seattle,WA,98116,4532 SW 42nd Ave,$1583 - 2325,2020-05-10,
Union Bay, Seattle,WA,98109,526 Yale Ave N,$1610 - 3193,2020-05-10,
Panorama Apartments, Seattle,WA,98101,1100 University St,$2050 - 5915,2020-05-10,
AMLI Wallingford, Seattle,WA,98103,1850 N 34th St,$2018 - 6823,2020-05-10,
Vantage Park Apartments, Seattle,WA,98122,1011 E Terrace St,$2555 - 2670,2020-05-10,
Moda, Seattle,WA,98121,2312 3rd Ave,$1362 - 2014,2020-05-10,
Chloe on Madison, Seattle,WA,98122,1401-1409 E Madison St,$1855,2020-05-10,
Three20, Seattle,WA,98122,320 E Pine St,$1692 - 2355,2020-05-10,
Junction 47, Seattle,WA,98116,4209 SW Alaska St,$1557 - 3068,2020-05-10,
The Pearl, Seattle,WA,98122,1530 15th Ave,$2055 - 2231,2020-05-10,
Uwajimaya Village, Seattle,WA,98104,521 S Weller St,$1975 - 2274,2020-05-10,
The Heights on Capitol Hill, Seattle,WA,98102,130 Harvard Ave E,$1652 - 3007,2020-05-10,
Springline, Seattle,WA,98116,3220 California Ave SW,$1513 - 2635,2020-05-10,
Alcyone, Seattle,WA,98109,301 Minor Ave N,$2017 - 2585,2020-05-10,
Square One, Seattle,WA,98115,1020 NE 63rd St,$1580 - 2454,2020-05-10,
Packard Building, Seattle,WA,98122,1530 12th Ave,$1975 - 2204,2020-05-10,
The Blake Apartments, Seattle,WA,98136,5020 California Ave SW,$1225 - 2675,2020-05-10,
Rollin Street, Seattle,WA,98109,120 Westlake Ave,$2597 - 6255,2020-05-10,
TraVigne on 11th, Seattle,WA,98105,4726 11th Ave NE,$1646 - 2555,2020-05-10,
Vox, Seattle,WA,98122,1527 15th Ave,$2228 - 3062,2020-05-10,
Anthem on 12th, Seattle,WA,98122,103 12th Ave,$1572 - 3300,2020-05-10,
Marq West Seattle, Seattle,WA,98126,3261 SW Avalon Way,$1513 - 3045,2020-05-10,
Marq 211, Seattle,WA,98121,211 Lenora St,$1746 - 3275,2020-05-10,
Orion, Seattle,WA,98109,910 John St,$1118 - 3720,2020-05-10,
Muse, Seattle,WA,98122,1515 Bellevue Ave,$1505 - 1890,2020-05-10,
Cypress, Seattle,WA,98122,120 Broadway,$1950 - 2815,2020-05-10,
THAI BINH APARTMENTS, Seattle,WA,98104,913 S Jackson St,Call for Rent,2020-05-10,
Upton Flats, Seattle,WA,98126,3490 SW Graham St,$1620 - 2530,2020-05-10,
Keelson Ballard, Seattle,WA,98107,1537 NW 56TH St,$1665 - 3250,2020-05-10,
Helix Ellipse, Seattle,WA,98105,4751 12th Ave NE,$1473 - 2483,2020-05-10,
Guinevere, Seattle,WA,98103,522 N 85th St,$1550 - 3018,2020-05-10,
King Arthurs Court, Seattle,WA,98125,12728 NE 28th Ave,$1424 - 2815,2020-05-10,
4730 California, Seattle,WA,98116,4730 California Ave SW,$1692 - 5548,2020-05-10,
Brookstone Apartments, Seattle,WA,98198,3231 S 204th St,$1399 - 2035,2020-05-10,
Verse Seattle, Seattle,WA,98144,402 22nd Ave S,$1750 - 2570,2020-05-10,
100 on 6th, Seattle,WA,98104,100 6th Ave S,$995 - 1540,2020-05-10,
Pratt Park Apartments, Seattle,WA,98144,1800 S Jackson St,$1403 - 4070,2020-05-10,
Angeline Apartments, Seattle,WA,98118,4801 Rainier Ave S,$1628 - 4245,2020-05-10,
Ivy Ridge, Seattle,WA,98105,4730 21st Ave NE,$1025 - 2673,2020-05-10,
Hillview, Seattle,WA,98178,12825 60th Ln S,$1300 - 1600,2020-05-10,
Iron Flats, Seattle,WA,98115,828 NE 66th St,$1499 - 3295,2020-05-10,
Lucille on Roosevelt, Seattle,WA,98115,6717 Roosevelt Way NE,$1849 - 2099,2020-05-10,
Willow Court Apartments, Seattle,WA,98106,6901 Delridge Way SW,$1375 - 1750,2020-05-10,
MOD Apartments, Seattle,WA,98115,6559 35th Ave NE,$1531 - 1702,2020-05-10,
Medora, Seattle,WA,98115,6810 Roosevelt Way NE,$1800,2020-05-10,
Avanti, Seattle,WA,98101,1401 Boren Ave,$1561 - 3220,2020-05-10,
The Redwood Apartments, Seattle,WA,98112,111 21st Ave E,$1050 - 1475,2020-05-10,
Holgate 12 Apartments, Seattle,WA,98144,1814 12th Ave S,$2600,2020-05-10,
Andante Seattle, Seattle,WA,98125,3031 NE 137th St,$1380 - 2045,2020-05-10,
Executive Estates, Seattle,WA,98125,1227 NE 143rd St,$1195 - 1825,2020-05-10,
SONATA At Columbia Station, Seattle,WA,98108,3000-3004 S Alaska St,$1499 - 2245,2020-05-10,
Nine & Pine, Seattle,WA,98101,1601 9th Ave,$2025 - 3450,2020-05-10,
M Street, Seattle,WA,98104,910 8th Ave,$1685 - 3690,2020-05-10,
Maple Leaf Plaza, Seattle,WA,98115,2021 NE 90th St,$1395,2020-05-10,
Gilbert Apartments, Seattle,WA,98109,1529 Queen Anne Ave N,$1795 - 3500,2020-05-10,
Avalon Micro Studios, Seattle,WA,98126,3268 SW Avalon Way,$895 - 925,2020-05-10,
Quintessa Apartments, Seattle,WA,98104,201 Yesler Way,$1309,2020-05-10,
Sheridan Beach Terrace, Lake Forest Park,WA,98155,15530 Bothell Way NE,$1350 - 2400,2020-05-10,
Junction 160, Shoreline,WA,98133,16100 Linden Ave N,$1750 - 1900,2020-05-10,
Green Lake Village, Seattle,WA,98115,427 NE 72nd St,$1920 - 3115,2020-05-10,
Viktoria, Seattle,WA,98101,1915 2nd Ave,$1715 - 5785,2020-05-10,
Hayes On Stone Way, Seattle,WA,98103,3627 Stone Way N,$1865 - 4425,2020-05-10,
Sunset Electric, Seattle,WA,98122,1111 E Pine St,$1740 - 4230,2020-05-10,
REO Flats, Seattle,WA,98122,1525 14th Ave,$905 - 3050,2020-05-10,
Ballard Lofts, Seattle,WA,98107,6450 24th Ave NW,$2054 - 10000,2020-05-10,
Cambridge Park Villa, Seattle,WA,98178,6801 S 133rd St,$1250 - 2000,2020-05-10,
Zella, Seattle,WA,98119,429 2nd Ave W,$1303 - 3283,2020-05-10,
Campus View, Seattle,WA,98105,4322 7th Ave NE,$1535 - 2799,2020-05-10,
Dexter, Seattle,WA,98109,2465 Dexter Ave N,$2295 - 3795,2020-05-10,
Oxford Apartments, Seattle,WA,98101,1920 1st Ave,$1900 - 2400,2020-05-10,
Alloy, Seattle,WA,98109,802 5th Ave,$1320 - 1750,2020-05-10,
Modera South Lake Union, Seattle,WA,98109,435 Dexter Ave N,$1823 - 9675,2020-05-10,
Metropolitan Park, Seattle,WA,98104,601 S Washington St,$1550 - 2375,2020-05-10,
Addison on Fourth, Seattle,WA,98104,308 4th Ave S,$899 - 1245,2020-05-10,
Canvas, Seattle,WA,98119,600 Elliott Ave W,$1584 - 2648,2020-05-10,
Annaliese, Seattle,WA,98109,118 6th Ave N,$2134 - 2234,2020-05-10,
Linden Square, Seattle,WA,98133,13530 Linden Ave N,$1435 - 2450,2020-05-10,
Soren Apartments, Seattle,WA,98107,5711 24th Ave NW,$2020 - 4145,2020-05-10,
Ellis Court, Seattle,WA,98121,2510 Western Ave,$1350 - 1550,2020-05-10,
Mosaic on Greenwood, Seattle,WA,98133,13543 Greenwood Ave N,$1650 - 1899,2020-05-10,
Velo and Ray, Seattle,WA,98103,3636 Stone Way N,$1884 - 2202,2020-05-10,
Luxe at Meridian, Seattle,WA,98133,10306 Meridian Ave N,$1341 - 2145,2020-05-10,
Sundodger Apartments, Seattle,WA,98105,4218 Roosevelt Way NE,$1650 - 1870,2020-05-10,
Mysa Apartments, Seattle,WA,98125,3025 NE 130th St,$1525 - 2899,2020-05-10,
Sunset Park, Seattle,WA,98146,11202 2nd Ln SW,$1748,2020-05-10,
O2, Seattle,WA,98121,2401 3rd Ave,$1770 - 3745,2020-05-10,
Jack Apartments, Seattle,WA,98122,1427 11th Ave,$1202 - 4725,2020-05-10,
Viva, Seattle,WA,98122,1111 E Union St,$1815 - 3889,2020-05-10,
The Galleria, Seattle,WA,98133,10500 Meridian Ave N,$1357 - 4060,2020-05-10,
Pike Flats, Seattle,WA,98122,722 E Pike St,$1473 - 1609,2020-05-10,
Stratus, Seattle,WA,98121,820 Lenora St,$3100 - 5850,2020-05-10,
Oregon 42, Seattle,WA,98116,4502 42nd Ave SW,$1410 - 2345,2020-05-10,
Tower 801, Seattle,WA,98101,801 Pine St,$1849 - 7172,2020-05-10,
Aperture on Fifth, Seattle,WA,98109,206 5th Ave N,$1805 - 6295,2020-05-10,
Eastlake Flats, Seattle,WA,98102,2820 Eastlake Ave E,$865 - 1408,2020-05-10,
The Cornelius Apartments, Seattle,WA,98121,306 Blanchard St,$1295 - 3280,2020-05-10,
Cirrus, Seattle,WA,98121,2030 8th Ave,$2360 - 5250,2020-05-10,
Expo, Seattle,WA,98109,118 Republican St,$1668 - 3396,2020-05-10,
Array, Seattle,WA,98125,14027 Lake City Way NE,$1425 - 2380,2020-05-10,
AVA Ballard, Seattle,WA,98107,5555 14th Ave NW,$1555 - 2810,2020-05-10,
The Bernard, Seattle,WA,98109,115 Warren Ave N,$1832 - 2164,2020-05-10,
Noba Apartments, Seattle,WA,98117,8022 15th Ave NW,$1375 - 3655,2020-05-10,
Collage, Seattle,WA,98103,3606 Woodland Park Ave N,$1612 - 1789,2020-05-10,
Domaine, Seattle,WA,98109,2483 Birch Ave N,$1950 - 2048,2020-05-10,
Belay Apartments, Seattle,WA,98117,6559 15th Ave NW,$1455 - 2040,2020-05-10,
The Audrey at Belltown, Seattle,WA,98121,2922 Western Ave,$1827 - 2878,2020-05-10,
8th + Republican, Seattle,WA,98109,430 Eighth Ave N,$2110 - 3444,2020-05-10,
AVA Queen Anne, Seattle,WA,98119,330 3rd Ave,$2020 - 3980,2020-05-10,
Residences At 3295, Seattle,WA,98126,3295 SW Avalon Way,$1448 - 2249,2020-05-10,
Delridge Crossing, Seattle,WA,98106,2425 SW Webster St,$1665,2020-05-10,
Northgate Apartments, Seattle,WA,98125,11060 NE 2nd Ave,Call for Rent,2020-05-10,
Carolina Court, Seattle,WA,98109,527 Eastlake Ave,Call for Rent,2020-05-10,
Northline Apartments, Seattle,WA,98133,14359 Linden Ave N,$1434 - 1939,2020-05-10,
Beacon View, Seattle,WA,98144,1701 12th Ave S,$1631,2020-05-10,
Zindorf, Seattle,WA,98104,714 7th Ave,$1025 - 1286,2020-05-10,
Parla, Seattle,WA,98117,9176 Holman Rd NW,$1615 - 2655,2020-05-10,
The Noble Apartments, Seattle,WA,98103,4301 Stone Way N,$1738 - 3669,2020-05-10,
City Views, Seattle,WA,98126,3021 SW Bradford St,$1395 - 1795,2020-05-10,
700 Broadway Apartments, Seattle,WA,98102,700 Broadway Ave E,$2340,2020-05-10,
Modera Jackson, Seattle,WA,98144,1801 S Jackson St,$1581 - 3295,2020-05-10,
Wharfside Pointe, Seattle,WA,98119,3812-3827 14th Ave W,$1698 - 2401,2020-05-10,
Collins on Pine, Seattle,WA,98122,1601 13th Ave,$2123 - 3172,2020-05-10,
Fountain Court, Seattle,WA,98121,2400 4th Ave,$1701 - 3099,2020-05-10,
Avalon Belltown Towers, Seattle,WA,98121,210 Wall St,$1970 - 8500,2020-05-10,
AVA Belltown, Seattle,WA,98121,2800-2816 Western Ave,$1800 - 2390,2020-05-10,
AVA Capitol Hill, Seattle,WA,98122,1530 Belmont Ave,$1847 - 3695,2020-05-10,
Marketside Flats, Seattle,WA,98101,84 Union St,$1590 - 2890,2020-05-10,
Boxcar, Seattle,WA,98109,975 John St,$1732 - 1762,2020-05-10,
Monticello, Seattle,WA,98104,415 Boren Ave,$1316,2020-05-10,
Beryl Apt Homes, Seattle,WA,98122,1200 E Pike St,$1718 - 2600,2020-05-10,
The Park At Northgate, Seattle,WA,98125,10713 Roosevelt Way NE,$1697 - 1925,2020-05-10,
Citizen, Seattle,WA,98122,1222 E Madison St,$1508 - 2325,2020-05-10,
Joseph Arnold Lofts, Seattle,WA,98121,62 Cedar St,$1130 - 7406,2020-05-10,
REV Fremont, Seattle,WA,98107,317 NW 41st St,$1495 - 1875,2020-05-10,
The Flats at Interbay, Seattle,WA,98119,3036 16th Ave W,$1578 - 2074,2020-05-10,
Metroline Flats, Seattle,WA,98104,915 E Spruce St,$1735 - 2915,2020-05-10,
Icon Apartments, Seattle,WA,98104,400 S Jackson St,$1699 - 2499,2020-05-10,
Westside Flats, Seattle,WA,98126,3233 SW Avalon Way,$1950 - 2325,2020-05-10,
Greenlake Terrace Apartments, Seattle,WA,98115,7415 5th Ave NE,$1650 - 2350,2020-05-10,
Clarendon, Seattle,WA,98109,105 Warren Ave N,$1995 - 2270,2020-05-10,
1404 Boylston, Seattle,WA,98122,1404 Boylston Ave,$1222 - 2045,2020-05-10,
Rooster Apartments, Seattle,WA,98115,900 NE 65th St,$1843 - 3280,2020-05-10,
LaVie at Queen Anne, Seattle,WA,98109,229 Queen Anne Ave,$1699 - 2399,2020-05-10,
Manhattan, Seattle,WA,98148,18243 1st Ave S,Call for Rent,2020-05-10,
Walton Lofts, Seattle,WA,98121,75 Vine St,$2237 - 5296,2020-05-10,
Axis, Seattle,WA,98109,123 2nd Ave N,$1850 - 4410,2020-05-10,
TRESSA, Seattle,WA,98133,14200 Linden Ave N,$1099 - 1495,2020-05-10,
Park 3025, Seattle,WA,98125,3025 NE 137th St,$1790 - 1950,2020-05-10,
Avant Apartments, Seattle,WA,98122,2112 E Denny Way,$1275 - 2863,2020-05-10,
Charlesgate, Seattle,WA,98121,2230 4th Ave,$1250 - 1400,2020-05-10,
Janus Apartments, Seattle,WA,98117,121 NW 85th St,$1705 - 2405,2020-05-10,
AMLI 535, Seattle,WA,98109,535 Pontius Ave N,$1719 - 5323,2020-05-10,
U20 Apartments, Seattle,WA,98105,4536 20th Ave NE,$1195 - 1355,2020-05-10,
Affordable University District Studios!, Seattle,WA,98105,4730 20th Ave NE,$800 - 1200,2020-05-10,
The Stax, Seattle,WA,98105,5001 Brooklyn Ave NE,$760 - 1425,2020-05-10,
Montisi, Seattle,WA,98126,4122 36th Ave SW,$999 - 1275,2020-05-10,
North Court Apartments, Seattle,WA,98133,2237 N 106th St,$1335 - 1695,2020-05-10,
Illumina Lake Union, Seattle,WA,98102,219 E Garfield St,$1474 - 2240,2020-05-10,
Fifty Two Apartment, Seattle,WA,98105,4710 20th Ave NE,$1300 - 1950,2020-05-10,
Vista 7011, Seattle,WA,98115,7011 Roosevelt Way NE,$1295 - 1988,2020-05-10,
Sidney, Seattle,WA,98121,400 Wall St,$1895 - 1995,2020-05-10,
Towers on Greenwood, Seattle,WA,98103,8551 Greenwood Ave N,$1499 - 2199,2020-05-10,
Meridian Place Apartments, Seattle,WA,98133,10711 Meridian Ave N,$1399 - 2149,2020-05-10,
Coronado Springs, Seattle,WA,98146,1400 SW 107th St,$1007 - 1559,2020-05-10,
Milan Apartments, Seattle,WA,98103,4300 Aurora Ave N,$1500 - 2175,2020-05-10,
VIBE Fremont, Seattle,WA,98103,3601 Greenwood Ave N,$1595 - 2545,2020-05-10,
Elliott Bayview, Seattle,WA,98109,151 John St,$1755 - 2975,2020-05-10,
Robins Nest, Seattle,WA,98102,3272 Fuhrman Ave E,$1495 - 1595,2020-05-10,
A.W. Larson Building, Seattle,WA,98102,3206 Harvard Ave E,$1345,2020-05-10,
Oslo, Seattle,WA,98102,323 Bellevue Ave E,$1854 - 2650,2020-05-10,
Reverie, Seattle,WA,98144,3309 Beacon Ave S,$1350 - 1950,2020-05-10,
NoCo Apartments, Seattle,WA,98118,4525 Rainier Ave S,$1040 - 1350,2020-05-10,
Brentwood Square, Seattle,WA,98133,13433 Greenwood Ave N,$1309 - 1699,2020-05-10,
Nolan and Nora, Seattle,WA,98105,4717 Brooklyn Ave NE,$1077 - 1765,2020-05-10,
Harlow Heights, Seattle,WA,98108,4351 15th Ave S,$2100 - 2300,2020-05-10,
City Watch Apartments, Seattle,WA,98116,4744 41st Ave SW,$2080,2020-05-10,
The Blakely at Echo Lake (Senior 55+*), Seattle,WA,98133,1140-1160 N 192nd St,$1216 - 1559,2020-05-10,
Alley24, Seattle,WA,98109,241 Yale Ave N,$1500 - 3999,2020-05-10,
999 Hiawatha Apartments, Seattle,WA,98144,999 Hiawatha Place South,$1425 - 1950,2020-05-10,
Greenwood Place Apartments, Seattle,WA,98133,14307 Greenwood Ave N,$2195 - 2295,2020-05-10,
Reserve at SeaTac- 55+ Active Senior Living, Seattle,WA,98188,19707 International Blvd,$937 - 1466,2020-05-10,
The Savoy at Lake City, Seattle,WA,98125,13730 Lake City Way NE,$1599 - 2350,2020-05-10,
1111 East Olive Apartments, Seattle,WA,98122,1111 E Olive St,$2355 - 4275,2020-05-10,
Northbrook Place, Seattle,WA,98125,10215 Lake City Way,$1695,2020-05-10,
Vali Hai, Seattle,WA,98109,800 1st Ave N,$1325 - 2400,2020-05-10,
Skyline House Apartments, Seattle,WA,98119,600 W Olympic Pl,$1600 - 2500,2020-05-10,
The Marlborough, Seattle,WA,98101,1220 Boren Ave,$1795 - 5195,2020-05-10,
AJ Apartments, Seattle,WA,98116,4505 42nd Ave SW,$1600 - 3100,2020-05-10,
Charbonneau Apartments, Seattle,WA,98101,1201 Boylston Ave,$1795 - 1995,2020-05-10,
The Westside, Seattle,WA,98102,801 E Thomas St,$1700 - 2495,2020-05-10,
Sandpiper Apartments, Seattle,WA,98198,3100 S 208th St,$1395 - 1895,2020-05-10,
La Vista Apartments, Seattle,WA,98188,5565 152nd St,$1200 - 1500,2020-05-10,
Modern Luxe Condos, Seattle,WA,98121,300 Lenora St,$2500 - 5500,2020-05-10,
Franklin Station, Seattle,WA,98102,2303 Franklin Ave E,$1325 - 2995,2020-05-10,
Solis, Seattle,WA,98122,1300 E Pike St,$2145 - 3925,2020-05-10,
Mcguire Court Apartments, Seattle,WA,98125,10740 NE 8th Ave,$1225,2020-05-10,
Muir Apartments, Seattle,WA,98114,718 Rainier Ave S,$1695 - 1795,2020-05-10,
Linden Flats Apartments, Seattle,WA,98133,13280 Linden Ave N,$1168 - 1404,2020-05-10,
Denny 18, Seattle,WA,98122,1823 18th Ave,$2500 - 3295,2020-05-10,
The Grove, Seattle,WA,98107,6301 15th Ave NW,$1546 - 1700,2020-05-10,
Autumn Ridge Apartments, Seattle,WA,98133,15135 Stone Ln N,$1695 - 1795,2020-05-10,
The Nelson, Seattle,WA,98133,14300 Greenwood Ave N,$1375 - 2200,2020-05-10,
Lillehammer, Seattle,WA,98117,7016 15th Ave NW,$1595 - 1915,2020-05-10,
Gardner House Apartments, Seattle,WA,98144,2807 S Hanford St,$1008 - 1215,2020-05-10,
Lake Washington Apartments, Seattle,WA,98118,9061 Seward Park Ave S,$1003 - 1599,2020-05-10,
Carkeek Park Place, Seattle,WA,98177,431 NW 100th Pl,$1650,2020-05-10,
Hidden Creek Village, Seattle,WA,98125,13751 32nd Ave. N.E.,$1025 - 1525,2020-05-10,
Lake City Court, Seattle,WA,98125,12536 33rd Ave NE,$1173 - 1813,2020-05-10,
Sanford Hildebrandt Seattle Active Seniors, Seattle,WA,98133,747 N 135th St,$763 - 904,2020-05-10,
TOD Apartments, Seattle,WA,98102,120 10th Ave E,$1399 - 1740,2020-05-10,
Balfour Place Apartments, Seattle,WA,98101,1820 Minor Ave,$1093,2020-05-10,
Rainier Vista, Seattle,WA,98108,4616 Martin Luther King Jr Way S,Call for Rent,2020-05-10,
Watercrest, Lake Forest Park,WA,98155,14812 Bothell Way NE,$1530 - 3405,2020-05-10,
Arbour Court Apartments, Burien,WA,98168,2225 S 112th St,$1425 - 2250,2020-05-10,
8760 Greenwood Ave N Unit 204n,Seattle,WA,98103,8760 Greenwood Ave N Unit 204n,$2350,2020-05-10,
11326 3rd Ave NE Unit 103,Seattle,WA,98125,11326 3rd Ave NE Unit 103,$1900,2020-05-10,
Verve Flats, Seattle,WA,98105,4302 7th Ave NE,$1226 - 1755,2020-05-10,
Clearwater Apartments - Star Apartments, Seattle,WA,98122,167 11th Ave,$1295 - 3550,2020-05-10,
The Ludlow, Seattle,WA,98122,701-711 E Pike St,$1270 - 1545,2020-05-10,
The Edge, Seattle,WA,98102,500 13th Ave E,$1570 - 1670,2020-05-10,
Mad Flats, Seattle,WA,98122,1523 E Madison St,$1056 - 1297,2020-05-10,
The Central, Seattle,WA,98122,2203-2207 E Union St,$1235 - 4010,2020-05-10,
Ruth Court, Seattle,WA,98112,123 18th Ave E,$1595,2020-05-10,
Puget Vista, Seattle,WA,98119,411 W Republican St,$1279,2020-05-10,
The Weatherford, Seattle,WA,98102,1321 E John St,$2050 - 2150,2020-05-10,
Spring Lake Apartments, Seattle,WA,98125,12530 35th Ave NE,$1275,2020-05-10,
Valdok, Seattle,WA,98107,1701 NW 56th St,$1597 - 3649,2020-05-10,
Twenty20 Mad, Seattle,WA,98122,2020 E Madison St,$1765 - 3813,2020-05-10,
The Sedges - Property, Seattle,WA,98103,8623 N Palatine Ave N,$1750 - 2050,2020-05-10,
Huxley, Seattle,WA,98116,4754 Fauntleroy Way SW,$2715 - 5890,2020-05-10,
Rubix, Seattle,WA,98102,515 Harvard Ave E,$1800 - 2000,2020-05-10,
SOUTHSIDE BY VINTAGE, Seattle,WA,98168,125 SW 112th St,$1306,2020-05-10,
Hill Crest, Seattle,WA,98126,7524 35th Ave SW,$1539 - 4604,2020-05-10,
Union Arms Apartments, Seattle,WA,98122,604-614 E Union St,$1200 - 1450,2020-05-10,
Parkridge Apartments, Seattle,WA,98112,1210 15th Ave,Call for Rent,2020-05-10,
Magnolia and Magnolia Crest, Seattle,WA,98199,3520 28th Ave W,$1650 - 2540,2020-05-10,
Rainier View Homes, Seattle,WA,98178,12672 60th Ave S,$2600 - 2900,2020-05-10,
1715 Apartments, Seattle,WA,98107,1715 NW 58th St,$825 - 1150,2020-05-10,
Kulle Urban Living, Seattle,WA,98122,1815 Bellevue Ave,$895 - 1550,2020-05-10,
Normandy Apartments, Seattle,WA,98105,4040 8th Ave NE,$1195,2020-05-10,
Riverview West Apartments, Seattle,WA,98168,10300 Des Moines Memorial Dr,$1450 - 1695,2020-05-10,
Northbridge Apartments, Seattle,WA,98103,3800 Aurora Ave N,$1550 - 2800,2020-05-10,
Spencer House, Seattle,WA,98133,10541 Stone Ave N,$1150,2020-05-10,
Lake Union Tower, Seattle,WA,98109,766 Garfield St,$2050,2020-05-10,
Star Apartments, Seattle,WA,98122,170 11th Ave,$1615,2020-05-10,
Nova, Seattle,WA,98126,4600 36th Ave SW,$1650 - 2200,2020-05-10,
Stockbridge, Seattle,WA,98101,1330 Boren Ave,$1425 - 1485,2020-05-10,
Lakeview Apartments, Seattle,WA,98102,1551-1559 Lakeview Blvd E,$1545 - 1780,2020-05-10,
Ori on The Ave, Seattle,WA,98105,5260 University Way NE,$1380 - 1670,2020-05-10,
Mio Apartments, Seattle,WA,98115,1319 NE 65th St,$1745 - 2160,2020-05-10,
Taylor Creek Apartments, Seattle,WA,98178,7050 S 116th Pl,$1480 - 1700,2020-05-10,
The Q Apartments, Seattle,WA,98109,1321 Queen Anne Ave N,$1650 - 1700,2020-05-10,
Blue Ridge Apartments, Seattle,WA,98117,9600 9th Ave NW,$1195 - 1495,2020-05-10,
PARK HILL/GREENTREE APARTMENTS, Seattle,WA,98178,6900 S 125th St,$1124 - 1442,2020-05-10,
The Portland Building, Seattle,WA,98107,5403 Ballard Ave NW,$1850,2020-05-10,
Altamira Apartments, Seattle,WA,98116,4540 42nd Ave SW,$1495 - 3300,2020-05-10,
Paul Revere, Seattle,WA,98104,1018 9th Ave,$1258 - 2011,2020-05-10,
Vermont Inn, Seattle,WA,98121,2721 4th Ave,$1895,2020-05-10,
3431 16th Ave S Unit A,Seattle,WA,98144,3431 16th Ave S Unit A,$2100,2020-05-10,
3517 110th SW St Unit Basement,Seattle,WA,98146,3517 110th SW St Unit Basement,$1500,2020-05-10,
2100 3rd Ave Unit 1401,Seattle,WA,98121,2100 3rd Ave Unit 1401,$2700,2020-05-10,
716 N 45th St Unit #1,Seattle,WA,98103,716 N 45th St Unit #1,$1250,2020-05-10,
4215 Whitman Ave N Unit 103,Seattle,WA,98103,4215 Whitman Ave N Unit 103,$1425,2020-05-10,
4215 Whitman Ave N Unit 104,Seattle,WA,98103,4215 Whitman Ave N Unit 104,$1695,2020-05-10,
1449 S Main St,Seattle,WA,98144,1449 S Main St,$3300,2020-05-10,
1202 Lakeview Blvd E Unit 1,Seattle,WA,98102,1202 Lakeview Blvd E Unit 1,$3400,2020-05-10,
113 13th Ave,Seattle,WA,98122,113 13th Ave,$2700,2020-05-10,
939 N 101st St Unit 205,Seattle,WA,98133,939 N 101st St Unit 205,$1475,2020-05-10,
5029 Delridge Way SW,Seattle,WA,98106,5029 Delridge Way SW,$3200,2020-05-10,
5015 38th Ave NE,Seattle,WA,98105,5015 38th Ave NE,$1195,2020-05-10,
5015 38th Ave NE Unit 2nd floor,Seattle,WA,98105,5015 38th Ave NE Unit 2nd floor,$1695,2020-05-10,
5015 38th Ave NE Unit COTTAGE,Seattle,WA,98105,5015 38th Ave NE Unit COTTAGE,$1695,2020-05-10,
14007 35th Ave NE Unit 14007,Seattle,WA,98125,14007 35th Ave NE Unit 14007,$2136,2020-05-10,
1415 2nd Ave Unit 2001,Seattle,WA,98101,1415 2nd Ave Unit 2001,$2995,2020-05-10,
3916 Pearl S St Unit 33,Seattle,WA,98118,3916 Pearl S St Unit 33,$1795,2020-05-10,
2009 SW Barton St,Seattle,WA,98106,2009 SW Barton St,$2300,2020-05-10,
9557 Ashworth Ave N Unit A,Seattle,WA,98103,9557 Ashworth Ave N Unit A,$1800,2020-05-10,
1717 Taylor Ave N Unit 1717,Seattle,WA,98109,1717 Taylor Ave N Unit 1717,$1800,2020-05-10,
1307 E John St Unit 105,Seattle,WA,98102,1307 E John St Unit 105,$1750,2020-05-10,
2003 Franklin Ave E Unit 203,Seattle,WA,98102,2003 Franklin Ave E Unit 203,$2250,2020-05-10,
2003 Franklin Ave E Unit 403,Seattle,WA,98102,2003 Franklin Ave E Unit 403,$2295,2020-05-10,
1711 Taylor Ave N Unit 1711,Seattle,WA,98109,1711 Taylor Ave N Unit 1711,$1800,2020-05-10,
4127 12th Ave NE Unit 4,Seattle,WA,98105,4127 12th Ave NE Unit 4,$1680,2020-05-10,
705 N 39th St Unit A,Seattle,WA,98103,705 N 39th St Unit A,$2250,2020-05-10,
116 14th Ave E Unit 1,Seattle,WA,98112,116 14th Ave E Unit 1,$1450,2020-05-10,
4028 California Ave SW Unit A,Seattle,WA,98116,4028 California Ave SW Unit A,$1375,2020-05-10,
1313 Judkins S St Unit A,Seattle,WA,98144,1313 Judkins S St Unit A,$1175,2020-05-10,
4255 Gilman Ave W Unit A,Seattle,WA,98199,4255 Gilman Ave W Unit A,$1350,2020-05-10,
822 6th Ave N Unit C,Seattle,WA,98109,822 6th Ave N Unit C,$3290,2020-05-10,
5101 Ravenna Ave NE Unit 3,Seattle,WA,98105,5101 Ravenna Ave NE Unit 3,$1600,2020-05-10,
5414 Delridge Way SW,Seattle,WA,98106,5414 Delridge Way SW,$3025,2020-05-10,
3043 Alki Ave SW Unit Apt 2,Seattle,WA,98116,3043 Alki Ave SW Unit Apt 2,$3300,2020-05-10,
622 86th NW St Unit A,Seattle,WA,98117,622 86th NW St Unit A,$2400,2020-05-10,
5428 Delridge Way SW Unit C,Seattle,WA,98106,5428 Delridge Way SW Unit C,$2475,2020-05-10,
8801 Aurora Ave N Unit 3,Seattle,WA,98103,8801 Aurora Ave N Unit 3,$995,2020-05-10,
8801 Aurora Ave N Unit 4,Seattle,WA,98103,8801 Aurora Ave N Unit 4,$995,2020-05-10,
8801 Aurora Ave N Unit 19,Seattle,WA,98103,8801 Aurora Ave N Unit 19,$750,2020-05-10,
8801 Aurora Ave N Unit 15,Seattle,WA,98103,8801 Aurora Ave N Unit 15,$1095,2020-05-10,
12329 Roosevelt Way NE Unit A303,Seattle,WA,98125,12329 Roosevelt Way NE Unit A303,$1495,2020-05-10,
12329 Roosevelt Way NE Unit B204,Seattle,WA,98125,12329 Roosevelt Way NE Unit B204,$1495,2020-05-10,
12329 Roosevelt Way NE Unit A304,Seattle,WA,98125,12329 Roosevelt Way NE Unit A304,$1495,2020-05-10,
12329 Roosevelt Way NE Unit A304,Seattle,WA,98125,12329 Roosevelt Way NE Unit A304,$1495,2020-05-10,
7015 Rainier Ave S Unit 14,Seattle,WA,98118,7015 Rainier Ave S Unit 14,$1275,2020-05-10,
7015 Rainier Ave S Unit 8,Seattle,WA,98118,7015 Rainier Ave S Unit 8,$1250,2020-05-10,
7005 Rainier Ave S Unit 4,Seattle,WA,98118,7005 Rainier Ave S Unit 4,$1200,2020-05-10,
5502 15th Ave NE Unit 4,Seattle,WA,98105,5502 15th Ave NE Unit 4,$1375,2020-05-10,
2436 S Graham St Unit 11,Seattle,WA,98108,2436 S Graham St Unit 11,$1195,2020-05-10,
5420 Delridge Way SW,Seattle,WA,98106,5420 Delridge Way SW,$2475,2020-05-10,
412 30th Ave E,Seattle,WA,98112,412 30th Ave E,$3400,2020-05-10,
7940 35th Ave SW,Seattle,WA,98126,7940 35th Ave SW,$1600,2020-05-10,
308 E Republican St Unit 412,Seattle,WA,98102,308 E Republican St Unit 412,$1995,2020-05-10,
4127 12th Ave NE Unit 9,Seattle,WA,98105,4127 12th Ave NE Unit 9,$1040,2020-05-10,
1120 93rd N St Unit 405,Seattle,WA,98103,1120 93rd N St Unit 405,$1445,2020-05-10,
1120 93rd N St Unit 403,Seattle,WA,98103,1120 93rd N St Unit 403,$1795,2020-05-10,
1707 NW 57th St Unit 205,Seattle,WA,98107,1707 NW 57th St Unit 205,$2250,2020-05-10,
414 10th Ave,Seattle,WA,98122,414 10th Ave,$625,2020-05-10,
5111 S Dawson St Unit 8,Seattle,WA,98118,5111 S Dawson St Unit 8,$1400,2020-05-10,
1102 8th Ave Unit 202,Seattle,WA,98101,1102 8th Ave Unit 202,$1350,2020-05-10,
1320 University St Unit 203,Seattle,WA,98101,1320 University St Unit 203,$3150,2020-05-10,
1320 University St Unit 205,Seattle,WA,98101,1320 University St Unit 205,$1975,2020-05-10,
204 24th Ave E,Seattle,WA,98112,204 24th Ave E,$3300,2020-05-10,
3811 Aurora Ave N Unit 2,Seattle,WA,98103,3811 Aurora Ave N Unit 2,$2195,2020-05-10,
1402 Cherry E St Unit j,Seattle,WA,98122,1402 Cherry E St Unit j,$1680,2020-05-10,
8372 Wabash Ave S,Seattle,WA,98118,8372 Wabash Ave S,$3100,2020-05-10,
308 27th Ave E Unit 308,Seattle,WA,98112,308 27th Ave E Unit 308,$3250,2020-05-10,
19414 Aurora Ave N Unit 308,Seattle,WA,98133,19414 Aurora Ave N Unit 308,$1815,2020-05-10,
5020 Delridge Way SW Unit c,Seattle,WA,98106,5020 Delridge Way SW Unit c,$2595,2020-05-10,
1310 Lakeside Ave S,Seattle,WA,98144,1310 Lakeside Ave S,$6000,2020-05-10,
839 NE 85th St,Seattle,WA,98115,839 NE 85th St,$2800,2020-05-10,
819 NW 50th St,Seattle,WA,98107,819 NW 50th St,$1500,2020-05-10,
610 W McGraw St,Seattle,WA,98119,610 W McGraw St,$2300,2020-05-10,
1611 E Spring St,Seattle,WA,98122,1611 E Spring St,$3000,2020-05-10,
2414 1st Ave Unit 624,Seattle,WA,98121,2414 1st Ave Unit 624,$2400,2020-05-10,
2415 2nd Ave Unit 731,Seattle,WA,98121,2415 2nd Ave Unit 731,$3200,2020-05-10,
1556 NW Ballard Way Unit 1,Seattle,WA,98107,1556 NW Ballard Way Unit 1,$2400,2020-05-10,
3036 5th Ave W Unit 1,Seattle,WA,98119,3036 5th Ave W Unit 1,$2600,2020-05-10,
1556 NW Ballard Way Unit 2,Seattle,WA,98107,1556 NW Ballard Way Unit 2,$2400,2020-05-10,
819 NW 50th St Unit A,Seattle,WA,98107,819 NW 50th St Unit A,$4500,2020-05-10,
2415 2nd Ave Unit 744,Seattle,WA,98121,2415 2nd Ave Unit 744,$3200,2020-05-10,
2415 2nd Ave Unit 732,Seattle,WA,98121,2415 2nd Ave Unit 732,$3200,2020-05-10,
2415 2nd Ave Unit 745,Seattle,WA,98121,2415 2nd Ave Unit 745,$3200,2020-05-10,
2414 1st Ave Unit 623,Seattle,WA,98121,2414 1st Ave Unit 623,$2400,2020-05-10,
1969 Thorndyke Ave W Unit n/a,Seattle,WA,98199,1969 Thorndyke Ave W Unit n/a,$2095,2020-05-10,
5808 15th Ave NE Unit 2,Seattle,WA,98105,5808 15th Ave NE Unit 2,$1295,2020-05-10,
12329 Roosevelt Way NE Unit A204,Seattle,WA,98125,12329 Roosevelt Way NE Unit A204,$1495,2020-05-10,
12329 Roosevelt Way NE Unit C302,Seattle,WA,98125,12329 Roosevelt Way NE Unit C302,$1695,2020-05-10,
7050 Lincoln Park Way SW Unit 404,Seattle,WA,98136,7050 Lincoln Park Way SW Unit 404,$1675,2020-05-10,
10528 Midvale Ave N Unit 1,Seattle,WA,98133,10528 Midvale Ave N Unit 1,$1750,2020-05-10,
2012 43rd Ave E Unit 303,Seattle,WA,98112,2012 43rd Ave E Unit 303,$1595,2020-05-10,
1026 NE 65th St Unit 505,Seattle,WA,98115,1026 NE 65th St Unit 505,$2995,2020-05-10,
4703 9th Ave NE Unit 2,Seattle,WA,98105,4703 9th Ave NE Unit 2,$899,2020-05-10,
1124 Lakeview Blvd E Unit 2,Seattle,WA,98102,1124 Lakeview Blvd E Unit 2,$1875,2020-05-10,
1116 Taylor Ave N Unit B,Seattle,WA,98109,1116 Taylor Ave N Unit B,$3100,2020-05-10,
2111 14th Ave S Unit D,Seattle,WA,98144,2111 14th Ave S Unit D,$1850,2020-05-10,
1215 Queen Anne Ave N Unit #9,Seattle,WA,98109,1215 Queen Anne Ave N Unit #9,$1950,2020-05-10,
1215 Queen Anne Ave N Unit #5,Seattle,WA,98109,1215 Queen Anne Ave N Unit #5,$1590,2020-05-10,
2040 62nd NW St,Seattle,WA,98107,2040 62nd NW St,$4122,2020-05-10,
5224 Brooklyn Ave NE Unit 8,Seattle,WA,98105,5224 Brooklyn Ave NE Unit 8,$900,2020-05-10,
1522 18th Ave Unit 402,Seattle,WA,98122,1522 18th Ave Unit 402,$3350,2020-05-10,
1519 NW 65th St Unit 3,Seattle,WA,98117,1519 NW 65th St Unit 3,$1535,2020-05-10,
2614 S Dearborn St,Seattle,WA,98144,2614 S Dearborn St,$4572,2020-05-10,
829 19th Ave S,Seattle,WA,98144,829 19th Ave S,$4000,2020-05-10,
210 20th Ave S,Seattle,WA,98144,210 20th Ave S,$4322,2020-05-10,
815 W Howe St,Seattle,WA,98119,815 W Howe St,$5433,2020-05-10,
1920 E Blaine St,Seattle,WA,98112,1920 E Blaine St,$4800,2020-05-10,
5424 Delridge Way SW Unit E,Seattle,WA,98106,5424 Delridge Way SW Unit E,$3075,2020-05-10,
6635 Carleton Ave S Unit A,Seattle,WA,98108,6635 Carleton Ave S Unit A,$1550,2020-05-10,
3650 13th Ave W Unit 2,Seattle,WA,98119,3650 13th Ave W Unit 2,$1500,2020-05-10,
3044 30th Ave W,Seattle,WA,98199,3044 30th Ave W,$4400,2020-05-10,
1800 43rd Ave E Unit 301,Seattle,WA,98112,1800 43rd Ave E Unit 301,$2250,2020-05-10,
4236 Francis Ave N Unit 2,Seattle,WA,98103,4236 Francis Ave N Unit 2,$2000,2020-05-10,
1110 8th Ave Unit 10,Seattle,WA,98101,1110 8th Ave Unit 10,$1299,2020-05-10,
1102 8th Ave Unit 5,Seattle,WA,98101,1102 8th Ave Unit 5,$1299,2020-05-10,
3841 34th Ave W Unit C-2,Seattle,WA,98199,3841 34th Ave W Unit C-2,$1250,2020-05-10,
1907 1st Ave Unit 26,Seattle,WA,98101,1907 1st Ave Unit 26,$1825,2020-05-10,
803 15th Ave Unit 1,Seattle,WA,98122,803 15th Ave Unit 1,$1465,2020-05-10,
1816 Boylston Ave Unit 306,Seattle,WA,98122,1816 Boylston Ave Unit 306,$1645,2020-05-10,
1816 Boylston Ave Unit 202,Seattle,WA,98122,1816 Boylston Ave Unit 202,$1545,2020-05-10,
1808 Minor Ave Unit 1406,Seattle,WA,98101,1808 Minor Ave Unit 1406,$2550,2020-05-10,
14345 Stone Ave N,Seattle,WA,98133,14345 Stone Ave N,$2350,2020-05-10,
2420 Myrtle SW St,Seattle,WA,98106,2420 Myrtle SW St,$2900,2020-05-10,
6732 15th Ave NW Unit A,Seattle,WA,98117,6732 15th Ave NW Unit A,$1200,2020-05-10,
566 Ward St,Seattle,WA,98109,566 Ward St,$3600,2020-05-10,
4704 22nd Ave NE Unit 3,Seattle,WA,98105,4704 22nd Ave NE Unit 3,$1225,2020-05-10,
4704 22nd Ave NE Unit 8,Seattle,WA,98105,4704 22nd Ave NE Unit 8,$1375,2020-05-10,
4708 22nd Ave NE Unit 12,Seattle,WA,98105,4708 22nd Ave NE Unit 12,$1375,2020-05-10,
3800 Bridge Way N Unit 103,Seattle,WA,98103,3800 Bridge Way N Unit 103,$2000,2020-05-10,
2422 E McGraw St Unit Top,Seattle,WA,98112,2422 E McGraw St Unit Top,$3200,2020-05-10,
2555 E Madison St,Seattle,WA,98112,2555 E Madison St,$2650,2020-05-10,
1700 E Madison St Unit 516,Seattle,WA,98122,1700 E Madison St Unit 516,$2300,2020-05-10,
1700 E Madison St Unit 415,Seattle,WA,98122,1700 E Madison St Unit 415,$2250,2020-05-10,
1700 E Madison St Unit 313,Seattle,WA,98122,1700 E Madison St Unit 313,$1875,2020-05-10,
1700 E Madison St Unit 519,Seattle,WA,98122,1700 E Madison St Unit 519,$1600,2020-05-10,
621 S King St Unit 6,Seattle,WA,98104,621 S King St Unit 6,$645,2020-05-10,
412 30th Ave E Unit B,Seattle,WA,98112,412 30th Ave E Unit B,$3100,2020-05-10,
407 34th Ave Unit 2,Seattle,WA,98122,407 34th Ave Unit 2,$2500,2020-05-10,
5111 S Dawson St Unit 10,Seattle,WA,98118,5111 S Dawson St Unit 10,$1400,2020-05-10,
5111 S Dawson St Unit 8,Seattle,WA,98118,5111 S Dawson St Unit 8,$1500,2020-05-10,
2215 12th Ave S,Seattle,WA,98144,2215 12th Ave S,$5200,2020-05-10,
1115 S Walker St,Seattle,WA,98134,1115 S Walker St,$3825,2020-05-10,
2211 12th Ave S,Seattle,WA,98144,2211 12th Ave S,$4350,2020-05-10,
1808 Minor Ave Unit 3206,Seattle,WA,98101,1808 Minor Ave Unit 3206,$3300,2020-05-10,
2939 S Mt Baker Blvd Unit 308,Seattle,WA,98144,2939 S Mt Baker Blvd Unit 308,$938,2020-05-10,
2939 S Mt Baker Blvd Unit B4,Seattle,WA,98144,2939 S Mt Baker Blvd Unit B4,$1032,2020-05-10,
722 E Union St Unit 206,Seattle,WA,98122,722 E Union St Unit 206,$3250,2020-05-10,
722 E Union St Unit 203,Seattle,WA,98122,722 E Union St Unit 203,$3150,2020-05-10,
750 N 143rd St Unit 302,Seattle,WA,98133,750 N 143rd St Unit 302,$1500,2020-05-10,
815 3rd Ave N Unit 5,Seattle,WA,98109,815 3rd Ave N Unit 5,$1700,2020-05-10,
2700 4th Ave Unit 406,Seattle,WA,98121,2700 4th Ave Unit 406,$2100,2020-05-10,
3012 17th Ave S Unit C,Seattle,WA,98144,3012 17th Ave S Unit C,$1859,2020-05-10,
5650 24th Ave NW Unit 314,Seattle,WA,98107,5650 24th Ave NW Unit 314,$1750,2020-05-10,
939 Martin Luther King Jr Way S Unit 1,Seattle,WA,98144,939 Martin Luther King Jr Way S Unit 1,$1500,2020-05-10,
1226 Taylor Ave N Unit 4,Seattle,WA,98109,1226 Taylor Ave N Unit 4,$1665,2020-05-10,
3211 SW Avalon Way Unit 402,Seattle,WA,98126,3211 SW Avalon Way Unit 402,$1495,2020-05-10,
The Metz Apartments - Studio Unit Apt C furnished stud, Seattle,WA,98112,1628 41st Ave E,$1400,2020-05-10,
Braeburn Apartment Unit #W208, Seattle,WA,98122,1410 E Pine St,$1900,2020-05-10,
Lake City Apartment Unit #303, Seattle,WA,98125,3024 NE 143rd St,$1350,2020-05-10,
Apartment Available Greenwood Unit #15, Seattle,WA,98103,8547 Phinney Ave N,$1395,2020-05-10,
Gorgeous Condominium Near the Water! Unit #2, Seattle,WA,98116,4116 58th Pl SW,$1950,2020-05-10,
Studio Available Ballard Unit #B, Seattle,WA,98117,6749 15th Ave NW,$1250,2020-05-10,
4808 Interlake Ave N Unit 4808,Seattle,WA,98103,4808 Interlake Ave N Unit 4808,$1625,2020-05-10,
11701 Greenwood Ave N Unit 11703,Seattle,WA,98133,11701 Greenwood Ave N Unit 11703,$1195,2020-05-10,
3203 S Lane St,Seattle,WA,98144,3203 S Lane St,$6495,2020-05-10,
1740 NE 86th St,Seattle,WA,98115,1740 NE 86th St,$1475,2020-05-10,
4724 31st Ave S,Seattle,WA,98118,4724 31st Ave S,$1425,2020-05-10,
1 br 1 bath House - 1760 NW 56th St #606, Seattle,WA,98107,1760 NW 56th St,$2299,2020-05-10,
8501 28th Ave NW,Seattle,WA,98117,8501 28th Ave NW,$1395,2020-05-10,
1158 N 91st St,Seattle,WA,98103,1158 N 91st St,$1775,2020-05-10,
2200 SW Barton St,Seattle,WA,98106,2200 SW Barton St,$1695,2020-05-10,
301 S Dawson St,Seattle,WA,98108,301 S Dawson St,$2200,2020-05-10,
838 NE 66th St,Seattle,WA,98115,838 NE 66th St,$1345,2020-05-10,
10731 24th Ave NE,Seattle,WA,98125,10731 24th Ave NE,$825,2020-05-10,
2119 23rd Ave W,Seattle,WA,98199,2119 23rd Ave W,$2495,2020-05-10,
4548-4548 Delridge Way SW,Seattle,WA,98106,4548-4548 Delridge Way SW,$995,2020-05-10,
1356 Alki Ave SW,Seattle,WA,98116,1356 Alki Ave SW,$1875,2020-05-10,
3519 Fremont Pl N,Seattle,WA,98103,3519 Fremont Pl N,$950,2020-05-10,
3539 27th Pl W,Seattle,WA,98199,3539 27th Pl W,$2025,2020-05-10,
7522 24th Ave NW,Seattle,WA,98117,7522 24th Ave NW,$2850,2020-05-10,
8741 Seward Park Ave S,Seattle,WA,98118,8741 Seward Park Ave S,$1700,2020-05-10,
1707 N 45th St,Seattle,WA,98103,1707 N 45th St,$1695,2020-05-10,
5210 Russell Ave NW,Seattle,WA,98107,5210 Russell Ave NW,$2395,2020-05-10,
Condo in Seattle - Northgate Unit #105, Seattle,WA,98133,2152 N 112th St,$1195,2020-05-10,
7743 B 15th Ave NW Retail, Seattle,WA,98117,7743 15th Ave NW,$1200,2020-05-10,
Ben Lomond - 2 bedrooms Unit 206, Seattle,WA,98102,1027 Bellevue Ct E,$1975,2020-05-10,
2212 E Spruce St,Seattle,WA,98122,2212 E Spruce St,$4400,2020-05-10,
8825 Wallingford Ave N,Seattle,WA,98103,8825 Wallingford Ave N,$4595,2020-05-10,
931 N 104th St Unit 929,Seattle,WA,98133,931 N 104th St Unit 929,$1795,2020-05-10,
3401 Wallingford Ave N,Seattle,WA,98103,3401 Wallingford Ave N,$2650,2020-05-10,
3 br 2 bath House - 12738 10th Ave NW, Seattle,WA,98177,12738 10th Ave NW,$3200,2020-05-10,
2 br 2 bath House - 583 Battery St #3207N, Seattle,WA,98121,583 Battery St,$4200,2020-05-10,
1525 Taylor Ave N,Seattle,WA,98109,1525 Taylor Ave N,$2500,2020-05-10,
315 Maynard Ave S,Seattle,WA,98104,315 Maynard Ave S,$1395,2020-05-10,
2014 E Yesler Way,Seattle,WA,98122,2014 E Yesler Way,$1595,2020-05-10,
5505 NE 65th St,Seattle,WA,98115,5505 NE 65th St,$1300,2020-05-10,
9413 14th Ave SW Seattle WA 98106, Seattle,WA,98106,9413 14th Ave SW,$2525,2020-05-10,
12743 Greenwood Ave N Unit Apt #A,Seattle,WA,98133,12743 Greenwood Ave N Unit Apt #A,$1795,2020-05-10,
900 Lenora St Unit W105,Seattle,WA,98121,900 Lenora St Unit W105,$2699,2020-05-10,
13322 Greenwood Ave N,Seattle,WA,98133,13322 Greenwood Ave N,$1500,2020-05-10,
4315 Woodland Park Ave N,Seattle,WA,98103,4315 Woodland Park Ave N,$1195,2020-05-10,
3 br 3 bath House - 1905 25th Ave S. unit C, Seattle,WA,98144,1905 25th Ave S,$3495,2020-05-10,
1 br 1 bath House - 1800 43rd Ave E #301, Seattle,WA,98112,1800 43rd Ave E,$2250,2020-05-10,
2 br 1 bath House - 416 16th Avenue South, Seattle,WA,98144,416 16th Ave S,$2695,2020-05-10,
1 br 1 bath House - 3045 20th Ave W #409, Seattle,WA,98199,3045 20th Ave W,$1650,2020-05-10,
1600 Dexter Ave N,Seattle,WA,98109,1600 Dexter Ave N,$3795,2020-05-10,
3 br 2.5 bath House - 7547 12th Ave SW, Seattle,WA,98106,7547 12th Ave SW,$2700,2020-05-10,
9811 20th Ave SW,Seattle,WA,98106,9811 20th Ave SW,$1400,2020-05-10,
4 br 2.5 bath House - 8055 23rd Ave NW, Seattle,WA,98117,8055 23rd Ave NW,$4100,2020-05-10,
107 Cherry St,Seattle,WA,98104,107 Cherry St,$1132,2020-05-10,
1 br 1 bath Apartment - 1901 N 80th St, Seattle,WA,98103,1901 N 80th St,$950,2020-05-10,
3825 Bridge Way N,Seattle,WA,98103,3825 Bridge Way N,$1625,2020-05-10,
2761-2769 NW 80th St,Seattle,WA,98117,2761-2769 NW 80th St,$2195,2020-05-10,
633 W Emerson St,Seattle,WA,98119,633 W Emerson St,$2100,2020-05-10,
4528 44th Ave SW,Seattle,WA,98116,4528 44th Ave SW,$1187,2020-05-10,
6568 4th Ave NE Unit #16,Seattle,WA,98115,6568 4th Ave NE Unit #16,$1699,2020-05-10,
500 NE 65th St,Seattle,WA,98115,500 NE 65th St,$1495,2020-05-10,
3802 19th Ave SW,Seattle,WA,98106,3802 19th Ave SW,$1845,2020-05-10,
1617 S Lane St,Seattle,WA,98144,1617 S Lane St,$2095,2020-05-10,
4830 Fauntleroy Way SW,Seattle,WA,98116,4830 Fauntleroy Way SW,$1995,2020-05-10,
3023 14th Ave W,Seattle,WA,98119,3023 14th Ave W,$1595,2020-05-10,
2205 2nd Ave,Seattle,WA,98121,2205 2nd Ave,$1350,2020-05-10,
5505 15th Ave NE,Seattle,WA,98105,5505 15th Ave NE,$1395,2020-05-10,
409 Eastlake Ave E,Seattle,WA,98109,409 Eastlake Ave E,$1995,2020-05-10,
4629 21st Ave NE,Seattle,WA,98105,4629 21st Ave NE,$825,2020-05-10,
1052 E Thomas St,Seattle,WA,98102,1052 E Thomas St,$1500,2020-05-10,
9929 14th Ave S,Seattle,WA,98108,9929 14th Ave S,$1500,2020-05-10,
12556 15th Ave NE,Seattle,WA,98125,12556 15th Ave NE,$1275,2020-05-10,
8315 5th Ave NE,Seattle,WA,98115,8315 5th Ave NE,$1795,2020-05-10,
1519 NE 50th St,Seattle,WA,98105,1519 NE 50th St,$1425,2020-05-10,
4724 22nd Ave NE Unit 206,Seattle,WA,98105,4724 22nd Ave NE Unit 206,$1025,2020-05-10,
666 W Olympic Pl,Seattle,WA,98119,666 W Olympic Pl,$2100,2020-05-10,
Simplified Living Unit 706, Seattle,WA,98109,408 Aurora Ave N,$1775,2020-05-10,
Bay Ridge Court - 2 bedrooms Unit C203, Seattle,WA,98104,804 James St,$1695,2020-05-10,
500 Elliot Ave - 1 bedroom Unit 403, Seattle,WA,98119,500 Elliott Ave W,$1900,2020-05-10,
2906 S Estelle St Unit No#1,Seattle,WA,98144,2906 S Estelle St Unit No#1,$1200,2020-05-10,
Urban Sophistication in 2 Bedroom Townhouse, Seattle,WA,98144,1541 23rd Ave S,$2300,2020-05-10,
4120 11th Ave NE Unit 204,Seattle,WA,98105,4120 11th Ave NE Unit 204,$1400,2020-05-10,
2144 Waverly Pl N Unit 6,Seattle,WA,98109,2144 Waverly Pl N Unit 6,$1450,2020-05-10,
3012 21st Ave S,Seattle,WA,98144,3012 21st Ave S,$2200,2020-05-10,
1439 NW 60th St Unit 201,Seattle,WA,98107,1439 NW 60th St Unit 201,$2195,2020-05-10,
5536 Beacon Ave S,Seattle,WA,98108,5536 Beacon Ave S,$1075,2020-05-10,
Hill Top Blue, Seattle,WA,98119,2116 4th Ave W,$6000,2020-05-10,
2 br 2 bath Apartment - 13730 15th Ave NE, Seattle,WA,98125,13730 15th Ave NE,$2595,2020-05-10,
3 br 3 bath House - 3810 33rd Ave SW, Seattle,WA,98126,3810 33rd Ave SW,$4999,2020-05-10,
11817 1st Ave S,Seattle,WA,98168,11817 1st Ave S,$1150,2020-05-10,
1 br 1 bath House - 2222 NE 92nd St #313, Seattle,WA,98115,2222 NE 92nd St,$1600,2020-05-10,
3 br 2 bath House - 9408 31st Ave NW, Seattle,WA,98117,9408 31st Ave NW,$2950,2020-05-10,
8 br 4 bath House - 249 NE 50th St, Seattle,WA,98105,249 NE 50th St,$9995,2020-05-10,
1 br 1 bath House - 66 Bell Street #34, Seattle,WA,98121,66 Bell St,$2050,2020-05-10,
215 2nd Ave S,Seattle,WA,98104,215 2nd Ave S,$1995,2020-05-10,
4417 42nd Ave SW,Seattle,WA,98116,4417 42nd Ave SW,$1450,2020-05-10,
104 Pine St,Seattle,WA,98101,104 Pine St,$1595,2020-05-10,
5 br 2.5 bath House - 11603 8th Ave S, Seattle,WA,98168,11603 8th Ave S,$3150,2020-05-10,
1775-1/2 17th Ave S,Seattle,WA,98144,1775-1/2 17th Ave S,$2100,2020-05-10,
9800 5th Ave NE,Seattle,WA,98115,9800 5th Ave NE,$1695,2020-05-10,
9918 Des Moines Memorial Dr S,Seattle,WA,98108,9918 Des Moines Memorial Dr S,$1300,2020-05-10,
6040 California Ave SW,Seattle,WA,98136,6040 California Ave SW,$2565,2020-05-10,
2572 Gilman Dr W,Seattle,WA,98119,2572 Gilman Dr W,$3225,2020-05-10,
2 br 1 bath House - 9807 32nd Ave SW, Seattle,WA,98126,9807 32nd Ave SW,$2495,2020-05-10,
831 W Nickerson St,Seattle,WA,98119,831 W Nickerson St,$2195,2020-05-10,
11054-11060 4th Ave SW,Seattle,WA,98146,11054-11060 4th Ave SW,$1450,2020-05-10,
3309 W Government Way,Seattle,WA,98199,3309 W Government Way,$2100,2020-05-10,
109 John St,Seattle,WA,98109,109 John St,$1995,2020-05-10,
1314 Spring St,Seattle,WA,98104,1314 Spring St,$1600,2020-05-10,
6100 24th Ave NW,Seattle,WA,98107,6100 24th Ave NW,$1450,2020-05-10,
506 E Union St,Seattle,WA,98122,506 E Union St,$1895,2020-05-10,
108 NW 76th St,Seattle,WA,98117,108 NW 76th St,$2295,2020-05-10,
3104 S Day St,Seattle,WA,98144,3104 S Day St,$1825,2020-05-10,
4745 16th Ave NE,Seattle,WA,98105,4745 16th Ave NE,$2095,2020-05-10,
7000 Roosevelt Way NE Unit #301,Seattle,WA,98115,7000 Roosevelt Way NE Unit #301,$1849,2020-05-10,
500 NE 70th St Unit #204,Seattle,WA,98115,500 NE 70th St Unit #204,$1549,2020-05-10,
212-214 10th Ave,Seattle,WA,98122,212-214 10th Ave,$1810,2020-05-10,
320 Cedar St,Seattle,WA,98121,320 Cedar St,$1250,2020-05-10,
6401 20th Ave NW,Seattle,WA,98117,6401 20th Ave NW,$1995,2020-05-10,
6512 Martin Luther King Jr Way S,Seattle,WA,98118,6512 Martin Luther King Jr Way S,$1695,2020-05-10,
319 N 105th St,Seattle,WA,98133,319 N 105th St,$1510,2020-05-10,
9556 Sand Point Way NE,Seattle,WA,98115,9556 Sand Point Way NE,$1795,2020-05-10,
2400 E Boston St,Seattle,WA,98112,2400 E Boston St,$1875,2020-05-10,
1510 13th Ave S,Seattle,WA,98144,1510 13th Ave S,$1495,2020-05-10,
1821 17th Ave,Seattle,WA,98122,1821 17th Ave,$1595,2020-05-10,
10765 14th Ave SW Unit I-03,Seattle,WA,98146,10765 14th Ave SW Unit I-03,$1550,2020-05-10,
Sweet Arbor Heights Cape Cod Nest with VIEWS, Seattle,WA,98146,10214 44th Ave SW,$3675,2020-05-10,
3 br 2.5 bath House - 10049 17th Ave SW, Seattle,WA,98146,10049 17th Ave SW,$2595,2020-05-10,
505 Boylston Ave E,Seattle,WA,98102,505 Boylston Ave E,$1330,2020-05-10,
321 10th Ave S Unit #704,Seattle,WA,98104,321 10th Ave S Unit #704,$2290,2020-05-10,
4 br 1 bath House - 6746 18th Ave NW -, Seattle,WA,98117,6746 18th Ave NW,$3000,2020-05-10,
1 br 1 bath House - 750 N 143rd St #302, Seattle,WA,98133,750 N 143rd St,$1500,2020-05-10,
3 br 1.5 bath 4plex - 1527 18th Ave Unit 2 - Unit 2, Seattle,WA,98122,1527 18th Ave,$3395,2020-05-10,
1526 44th Ave SW,Seattle,WA,98116,1526 44th Ave SW,$1895,2020-05-10,
2025 NW 59th St Unit 1,Seattle,WA,98107,2025 NW 59th St Unit 1,$1195,2020-05-10,
5408 Meridian Ave N Unit #302,Seattle,WA,98103,5408 Meridian Ave N Unit #302,$1499,2020-05-10,
Alki Apartments, Seattle,WA,98116,2348 Alki Ave SW,$1395 - 1795,2020-05-10,
